 rental_class_id, common_name, bin_location,Cat,SubCat
63791,"WARMER 3-1/2 QT, ELECTRIC (5amp, 120v)",,Concession Machines,Warmers
63793,"WARMER 3-1/2 QT, ELECTRIC (HEATED STEM)",,Concession Machines,Warmers
66326,TOPS NAVI 30x15 MID,MR4E3,Frame Tent Tops,Navi 30x
62711,TOP HP 30 X 30 (G1),MR4K1,Frame Tent Tops,HP Tops
65119,TOP HP 10 x 20 (G1),MR4G2,Frame Tent Tops,HP Tops
62707,TOP HP 10 X 20 (G2),MR4H2,Frame Tent Tops,HP Tops
62708,TOP HP 15X15 (G1),MR4I2,Frame Tent Tops,HP Tops
62709,TOP HP 20 X 20 (G2),MR4K2,Frame Tent Tops,HP Tops
67657,TOP HP 20 X 30 (G1) WHITE DBL PEAK,,Frame Tent Tops,HP Tops
65450,TOP NAVI 15 GABLE ENDCAP GRMT,,Frame Tent Tops,Navi 30x
62808,TOP NAVI 30x15 HIP,MR4E3,Frame Tent Tops,Navi 30x
62805,TOP NAVI 30x15 MID (G1),MR4F3,Frame Tent Tops,Navi 30x
62706,TOP HP 10 X 10 (G1),MR4F2,Frame Tent Tops,HP Tops
62714,TOP HP HEX 35 X 40 WHITE,MR4F1,Frame Tent Tops,HP Tops
65367,TOP HP 20 X 20 (G1),MR4J2,Frame Tent Tops,HP Tops
65449,TOP NAVI 15 GABLE ENDCAP LACE,,Frame Tent Tops,Navi 30x
65467,TOP NAVI 20 GABLE ENDCAP GRMT,,Frame Tent Tops,Navi 40x
65468,TOP NAVI 20 GABLE ENDCAP LACE,,Frame Tent Tops,Navi 40x
66325,TOP NAVI 30x15 MID (G2),MR4F3,Frame Tent Tops,Navi 30x
65469,TOP NAVI 40x15 MID (G1),MR4D3,Frame Tent Tops,Navi 40x
63851,TOP 6 GABLE END CAP (FOR MARQUEE,,Frame Tent Tops,Top Tops
63852,TOP 6X10 WHITE GABLE MID FOR FR,,Frame Tent Tops,Top Tops
65446,TOP HP HEX 35 X 40 SKYLIGHT,MR4F1,Frame Tent Tops,HP Tops
4203,TOP NAVI LITE 30x15 HIP G1,MR4B3,Frame Tent Tops,Navi Lite 30x
4204,TOP NAVI LITE 30x15 MID G1,MR4C3,Frame Tent Tops,Navi Lite 30x
72392,TOP NAVI LITE 30x15 HIP G2,MR4B3,Frame Tent Tops,Navi Lite 30x
66324,TOP NAVI LITE 30x15 MID G2,MR4C3,Frame Tent Tops,Navi Lite 30x
63131,"TOP, TABLE ROUND, 30 INCH PLYWOOD",,Tables,Top Tables
65722,"TOP, TABLE ROUND, 36 INCH PLYWOOD",,Tables,Top Tables
62233,SPANDEX TABLE LINEN  WHITE 6X30 BANQ,MOO11,Rectangle Linen,Spandex Linen
62284,SPANDEX TABLE LINEN  WHITE 8X30 BANQ,MOO11,Rectangle Linen,Spandex Linen
62234,SPANDEX TABLE LINEN BLACK 6X30 BANQ,MOO11,Rectangle Linen,Spandex Linen
62285,SPANDEX TABLE LINEN BLACK 8X30 BANQ,MOO11,Rectangle Linen,Spandex Linen
60533,"BULLHORN MV10S, 16WATT (SMALL)",,AV,Sound Systems/Projectors
60537,"BULLHORN MV16S, 20WATT (LARGE)",,AV,Sound Systems/Projectors
61571,"MIC WIRED, HANDHELD (MINI-VOX)",,AV,Sound Systems/Projectors
61572,"MIC, WIRELESS, HANDHELD  1.9GhZ(AA)",,AV,Sound Systems/Projectors
61566,"MIC, WIRELESS, HANDHELD (AA BIG FOOT V1)",,AV,Sound Systems/Projectors
63359,"MIC, WIRELESS, HANDHELD (SHURE)",,AV,Sound Systems/Projectors
61570,"MIC, WIRELESS, HANDHELD 1.9GhZ(AA)",,AV,Sound Systems/Projectors
61573,"MIC, WIRELESS, LAPEL 1.9GhZ(AA)",,AV,Sound Systems/Projectors
63430,"PROJECTOR, LCD, 4000 LUMENS 1080P",,AV,Sound Systems/Projectors
61543,"SOUND SYSTEM, BIG FOOT v1",MR1H1,AV,Sound Systems/Projectors
61545,"SOUND SYSTEM, BIGFOOT 1.9GhZ(AA)",MR1H1,AV,Sound Systems/Projectors
61548,"SOUND SYSTEM, MiniVOX 1.9GhZ(AA)",,AV,Sound Systems/Projectors
64855,SNOKONE SYRUP **LIME** 1 GALLON,resale,Resale,Snokone Resale
64856,SNOKONE SYRUP **GRAPE** 1 GALLON,resale,Resale,Snokone Resale
64857,SNOKONE SYRUP **CHERRY** 1 GALLON,resale,Resale,Snokone Resale
64858,SNOKONE SYRUP **BLUE RASPBERRY 1 GALLON,resale,Resale,Snokone Resale
64860,SNOKONE KONES 200 COUNT BOX,resale,Resale,Snokone Resale
64861,SNOKONE SYRUP PUMP (1 GAL),resale,Resale,Snokone Resale
65808,SNOKONE SYRUP **PINK LEMONADE** 1 GALLON,resale,Resale,Snokone Resale
68321,"SNO-KONE MACHINE, 7 AMP ELECTRIC",,Concession Machines,Sno Machines
61760,SKIRT  8 BLACK (30),NR2D2,Skirt,Skirt Skirt
61761,SKIRT 14  WHITE (30),NR2C2,Skirt,Skirt Skirt
61762,SKIRT 14 BLACK (30),NR2C2,Skirt,Skirt Skirt
61763,SKIRT 14 IVORY (30),NR2C2,Skirt,Skirt Skirt
61764,SKIRT 21 WHITE (30),NR2B2,Skirt,Skirt Skirt
61759,SKIRT 8 WHITE (30),NR2D2,Skirt,Skirt Skirt
61750,SKIRT STAGE 24 X 13 BLACK BAN,NR2A1,Skirt,Skirt Skirt
61758,SKIRT STAGE 44 X 13 BLACK BAN,NR2A1,Skirt,Skirt Skirt
62853,SIDEWALLMESH 7 H X 20 (G1) WH,,Sidewall,Sidewallmesh Sidewall
62883,SIDEWALLEXTENDER 3 X 20 (G2),,Sidewall,Sidewallextender Sidewall
62891,SIDEWALLEXTENDER 3 X 40 (G2),,Sidewall,Sidewallextender Sidewall
62887,SIDEWALLEXTENDER 3 X 30 (G2),,Sidewall,Sidewallextender Sidewall
62753,SIDEWALL HP 10 x 8 (G1) WHITE,,Sidewall,Sidewall Sidewall
62723,SIDEWALL HP 10 x 8 (G1) WINDOW,,Sidewall,Sidewall Sidewall
62755,SIDEWALL HP 10 x 8 (G3) WHITE,,Sidewall,Sidewall Sidewall
62745,SIDEWALL HP 15 x 8 (G1) w/DOOR,,Sidewall,Sidewall Sidewall
62757,SIDEWALL HP 15 x 8 (G1) WHITE,,Sidewall,Sidewall Sidewall
62715,SIDEWALL HP 15 x 8 (G1) WINDOW,,Sidewall,Sidewall Sidewall
62773,SIDEWALL HP 20 x 7 (G1) WHITE,,Sidewall,Sidewall Sidewall
62749,SIDEWALL HP 20 x 8 (G1) w/DOOR pole,,Sidewall,Sidewall Sidewall
62719,SIDEWALL HP 20 x 8 (G1) w/DOOR/WIND,,Sidewall,Sidewall Sidewall
62761,SIDEWALL HP 20 x 8 (G1) WHITE,,Sidewall,Sidewall Sidewall
62727,SIDEWALL HP 20 x 8 (G1) WINDOW,,Sidewall,Sidewall Sidewall
62750,SIDEWALL HP 20 x 8 (G2) w/DOOR pole,,Sidewall,Sidewall Sidewall
62762,SIDEWALL HP 20 x 8 (G2) WHITE,,Sidewall,Sidewall Sidewall
62763,SIDEWALL HP 20 x 8 (G3) WHITE,,Sidewall,Sidewall Sidewall
62769,SIDEWALL HP 20 x 9 (G1) WHITE,,Sidewall,Sidewall Sidewall
62735,SIDEWALL HP 20 x 9 (G1) WINDOW,,Sidewall,Sidewall Sidewall
62770,SIDEWALL HP 20 x 9 (G2) WHITE,,Sidewall,Sidewall Sidewall
62737,SIDEWALL HP 20 x 9 (G3) WINDOW,,Sidewall,Sidewall Sidewall
62781,SIDEWALL HP 30 x 8 (G1) WHITE pole,,Sidewall,Sidewall Sidewall
62731,SIDEWALL HP 30 x 8 (G1) WINDOW,,Sidewall,Sidewall Sidewall
62782,SIDEWALL HP 30 x 8 (G2) WHITE pole,,Sidewall,Sidewall Sidewall
62871,SIDEWALL NAVI 8 X 30 (G1) WINDOW,,Sidewall,Sidewall Sidewall
62872,SIDEWALL NAVI 8 X 30 (G2) WINDOW,,Sidewall,Sidewall Sidewall
62857,SIDEWALL STD 7 X 20 (G1) WINDOW,,Sidewall,Sidewall Sidewall
62858,SIDEWALL STD 7 X 20 (G2) WINDOW,,Sidewall,Sidewall Sidewall
62859,SIDEWALL STD 7 X 20 (G3) WINDOW,,Sidewall,Sidewall Sidewall
62861,SIDEWALL STD 7 X 30 (G1) WINDOW,,Sidewall,Sidewall Sidewall
62862,SIDEWALL STD 7 X 30 (G2) WINDOW,,Sidewall,Sidewall Sidewall
62864,SIDEWALL STD 7 X 40 (G1) WINDOW,,Sidewall,Sidewall Sidewall
62865,SIDEWALL STD 7 X 40 (G2) WINDOW,,Sidewall,Sidewall Sidewall
62867,SIDEWALL STD 8 X 20 (G1) WINDOW,,Sidewall,Sidewall Sidewall
62868,SIDEWALL STD 8 X 20 (G2) WINDOW,,Sidewall,Sidewall Sidewall
62875,SIDEWALL STD 8 X 40 (G1) WINDOW,,Sidewall,Sidewall Sidewall
4052,SIDEWALL HP 10 x 8 WHITE,,Sidewall,Sidewall Sidewall
4808,SIDEWALL HP 15 x 9 WHITE (G1),,Sidewall,Sidewall Sidewall
4807,SIDEWALL HP 15 x 9 WINDOW (G1),,Sidewall,Sidewall Sidewall
60528,SIDEWALL KEDAR NAVI 15x8 (G1) WHITE,,Sidewall,Sidewall Sidewall
60526,SIDEWALL KEDARNAVI 15x8 (G1) WINDOW,,Sidewall,Sidewall Sidewall
62904,SIDEWALL NAVI 8 X 30 (G1) WHITE,,Sidewall,Sidewall Sidewall
62905,SIDEWALL NAVI 8 X 30 (G2) WHITE,,Sidewall,Sidewall Sidewall
62906,SIDEWALL NAVI 8 X 30 (G3) WHITE,,Sidewall,Sidewall Sidewall
4214,SIDEWALL NAVI LITE 8 x 15 WHITE KEDAR,,Sidewall,Sidewall Sidewall
4213,SIDEWALL NAVI LITE 8x 15 WINDOW KEDAR,,Sidewall,Sidewall Sidewall
62894,SIDEWALL STD 7 X 20 (G1) WHITE,,Sidewall,Sidewall Sidewall
62895,SIDEWALL STD 7 X 20 (G2) WHITE,,Sidewall,Sidewall Sidewall
62896,SIDEWALL STD 7 X 20 (G3) WHITE,,Sidewall,Sidewall Sidewall
62900,SIDEWALL STD 8 X 20 (G1) WHITE,,Sidewall,Sidewall Sidewall
62901,SIDEWALL STD 8 X 20 (G2) WHITE,,Sidewall,Sidewall Sidewall
62902,SIDEWALL STD 8 X 20 (G3) WHITE,,Sidewall,Sidewall Sidewall
62876,SIDEWALL STD 8 X 40 (G2) WINDOW,,Sidewall,Sidewall Sidewall
72252,SIDEWALL KEDAR -G 8' x 5' PANEL,,Sidewall,Sidewall Sidewall
72253,SIDEWALL KEDAR -R 8' x 5' PANEL,,Sidewall,Sidewall Sidewall
64852,POPCORN/SALT/OIL PRE-MEASURED KIT,resale,Resale,Popcorn Resale
64853,POPCORN BAGS 50/ PKG,resale,Resale,Popcorn Resale
68318,"POPCORN MACHINE, 8 oz DELV CASE",,Concession Machines,Popcorn Machines
68320,"POPCORN MACHINE, 8 OZ,10AMP, TABLETOP",,Concession Machines,Popcorn Machines
3903,NACHO CHEESE 140oz BAG,resale,Resale,Nacho Resale
64854,NACHO CHEESE SAUCE #10 CAN,resale,Resale,Nacho Resale
3902,NACHO CHEESE DISPENSER and WARMER,,Concession Machines,Nacho Machines
66747,MINI DONUT -70 SERVINGS- SUPPLY PACKAGE,resale,Resale,Mini Resale
66715,MINI DONUT MACHINE,,Concession Machines,Mini Machines
62806,MID 30 x 15 (G1) R AND W POLE CMATE,MR4I3,Pole Tent Tops,Pole 30x
62797,MID 40 x 20 (G1) NCP,MR4D4,Pole Tent Tops,Pole 40x
62809,MID 60 x 20 ANCHOR POLE NC (G1),MR4H4,Pole Tent Tops,Pole 60x
62810,MID 60 x 30 (G1) ANCHOR POLE NC,MR4I4,Pole Tent Tops,Pole 60x
62290,LINEN SERPENTINE FITTED 4 WHITE,NR2x2,Rectangle Linen,Linen Linen
62085,LINEN CAPLET 30X96X10  WHITE SWIRL,NR2x2,Rectangle Linen,Linen Linen
62087,LINEN CAPLET 30X96X10 LAVENDER SWI,NR2x2,Rectangle Linen,Linen Linen
62086,LINEN CAPLET 30X96X10 SOFT GOLD SW,NR2x2,Rectangle Linen,Linen Linen
62037,LINEN RUNNER 12 X 120  WHITE,NR4x2,Rectangle Linen,Linen Linen
62067,LINEN RUNNER 12 X 120 AMETHYST,NR4x2,Rectangle Linen,Linen Linen
62042,LINEN RUNNER 12 X 120 BEIGE,NR4x2,Rectangle Linen,Linen Linen
62038,LINEN RUNNER 12 X 120 BLACK,NR4x2,Rectangle Linen,Linen Linen
62054,LINEN RUNNER 12 X 120 CARDINAL,NR4x2,Rectangle Linen,Linen Linen
62077,LINEN RUNNER 12 X 120 CELADON,NR4x2,Rectangle Linen,Linen Linen
62065,LINEN RUNNER 12 X 120 EGGPLANT,NR4x2,Rectangle Linen,Linen Linen
62039,LINEN RUNNER 12 X 120 GREY,NR4x2,Rectangle Linen,Linen Linen
62041,LINEN RUNNER 12 X 120 IVORY,NR4x2,Rectangle Linen,Linen Linen
62045,LINEN RUNNER 12 X 120 LEMON YEL,NR4x2,Rectangle Linen,Linen Linen
62057,LINEN RUNNER 12 X 120 PASTEL PI,NR4x2,Rectangle Linen,Linen Linen
62040,LINEN RUNNER 12 X 120 PEWTER,NR4x2,Rectangle Linen,Linen Linen
62081,LINEN RUNNER 12 X 120 TIFFANY B,NR4x2,Rectangle Linen,Linen Linen
62082,LINEN RUNNER 13 X 120 GOLDENROD,NR4x2,Rectangle Linen,Linen Linen
62083,LINEN RUNNER 13 X 120 SILVER LA,NR4x2,Rectangle Linen,Linen Linen
65545,LINEN RUNNER 12 X 120 RED CHECK,NR4x2,Rectangle Linen,Linen Linen
63133,LEG BASE 24 - 4 PRONG X,NA,Tables,Leg Tables
65171,LEG BASE 30 - 4 PRONG X FOR 36R,,Tables,Leg Tables
63442,KWIK COVER GINGHAM BLUE 6 X 30,resale,Resale,Kwik 6ft Banq
64921,KWIK COVER WHITE 6 X 30 PLASTIC,resale,Resale,Kwik 6ft Banq
64922,KWIK COVER BLACK 6 X 30 PLASTIC,resale,Resale,Kwik 6ft Banq
64923,KWIK COVER SUNSHINE GOLD 6 X 30 PLAST,resale,Resale,Kwik 6ft Banq
64924,KWIK COVER ORANGE 6 X 30 PLASTIC,resale,Resale,Kwik 6ft Banq
64925,KWIK COVER RED 6 X 30 PLASTIC,resale,Resale,Kwik 6ft Banq
64926,KWIK COVER GINGHAM RED 6 X 30 PLASTIC,resale,Resale,Kwik 6ft Banq
64927,KWIK COVER PINK 6 X 30 PLASTIC,resale,Resale,Kwik 6ft Banq
64928,KWIK COVER MAROON 6 X 30 PLASTIC,resale,Resale,Kwik 6ft Banq
64929,KWIK COVER PURPLE 6 X 30 PLASTIC,resale,Resale,Kwik 6ft Banq
64930,KWIK COVER ROYAL BLUE 6 X 30 PLASTIC,resale,Resale,Kwik 6ft Banq
64932,KWIK COVER HUNTER GREEN 6 X 30 PLASTI,resale,Resale,Kwik 6ft Banq
64933,KWIK COVER LIME GREEN 6 X 30 PLASTIC,resale,Resale,Kwik 6ft Banq
64934,KWIK COVER BLACK & WHITE CHECK 6 X 30,resale,Resale,Kwik 6ft Banq
65493,KWIK COVER SILVER 6 x 30 BANQ,resale,Resale,Kwik 6ft Banq
65496,KWIK COVER NAVY BLUE 6 x 30 BANQ,resale,Resale,Kwik 6ft Banq
64935,KWIK COVER WHITE 8 X 30 PLASTIC,resale,Resale,Kwik 8ft Banq
64936,KWIK COVER BLACK 8 X 30 PLASTIC,resale,Resale,Kwik 8ft Banq
64937,KWIK COVER SUNSHINE GOLD 8 X 30 PLAST,resale,Resale,Kwik 8ft Banq
64938,KWIK COVER ORANGE 8 X 30 PLASTIC,resale,Resale,Kwik 8ft Banq
64939,KWIK COVER RED 8 X 30 PLASTIC,resale,Resale,Kwik 8ft Banq
64940,KWIK COVER GINGHAM RED 8 X 30 PLASTIC,resale,Resale,Kwik 8ft Banq
64941,KWIK COVER PINK 8 X 30 PLASTIC,resale,Resale,Kwik 8ft Banq
64942,KWIK COVER MAROON 8 X 30 PLASTIC,resale,Resale,Kwik 8ft Banq
64943,KWIK COVER PURPLE 8 X 30 PLASTIC,resale,Resale,Kwik 8ft Banq
64944,KWIK COVER ROYAL BLUE 8 X 30 PLASTIC,resale,Resale,Kwik 8ft Banq
64945,KWIK COVER LIGHT BLUE 8 X 30 PLASTIC,resale,Resale,Kwik 8ft Banq
64946,KWIK COVER GINGHAM BLUE 8 X 30,resale,Resale,Kwik 8ft Banq
64947,KWIK COVER HUNTER GREEN 8 X 30 PLASTI,resale,Resale,Kwik 8ft Banq
64948,KWIK COVER LIME GREEN 8 X 30 PLASTIC,resale,Resale,Kwik 8ft Banq
64949,KWIK COVER BLACK & WHITE CHECK 8 X 30,resale,Resale,Kwik 8ft Banq
65494,KWIK COVER SILVER 8 x 30 BANQ,resale,Resale,Kwik 8ft Banq
65497,KWIK COVER NAVY BLUE 8 x 30 BANQ,resale,Resale,Kwik 8ft Banq
64888,KWIK COVER WHITE ROUND 30 PLASTIC,resale,Resale,Kwik 30 in R
64889,KWIK COVER BLACK ROUND 30 PLASTIC,resale,Resale,Kwik 30 in R
64890,KWIK COVER RED ROUND 30 PLASTIC,resale,Resale,Kwik 30 in R
64891,KWIK COVER GINGHAM RED ROUND 30 PLASTI,resale,Resale,Kwik 30 in R
64892,KWIK COVER ROYAL BLUE ROUND 30,resale,Resale,Kwik 30 in R
64893,KWIK COVER HUNTER GREEN ROUND 30 PLAST,resale,Resale,Kwik 30 in R
65604,KWIK COVER BLACK ROUND 36,resale,Resale,Kwik 36 in R
65605,KWIK COVER WHITE ROUND 36,resale,Resale,Kwik 36 in R
65606,KWIK COVER HUNTER GREEN ROUND 36,resale,Resale,Kwik 36 in R
65607,KWIK COVER ROYAL BLUE ROUND 36,resale,Resale,Kwik 36 in R
65608,KWIK COVER RED ROUND 36,resale,Resale,Kwik 36 in R
65609,KWIK COVER GINGHAM RED ROUND 36,resale,Resale,Kwik 36 in R
63440,KWIK COVER GINGHAM BLUE ROUND 48,resale,Resale,Kwik 36 in R
64894,KWIK COVER WHITE ROUND 48 PLASTIC,resale,Resale,Kwik 48 in R
64895,KWIK COVER BLACK ROUND 48 PLASTIC,resale,Resale,Kwik 48 in R
64896,KWIK COVER SUNSHINE GOLD ROUND 48 PLAS,resale,Resale,Kwik 48 in R
64897,KWIK COVER ORANGE ROUND 48 PLASTIC,resale,Resale,Kwik 48 in R
64898,KWIK COVER RED ROUND 48 PLASTIC,resale,Resale,Kwik 48 in R
64899,KWIK COVER GINGHAM RED ROUND 48 PLASTI,resale,Resale,Kwik 48 in R
64900,KWIK COVER MAROON ROUND 48 PLASTIC,resale,Resale,Kwik 48 in R
64901,KWIK COVER PURPLE ROUND 48 PLASTIC,resale,Resale,Kwik 48 in R
64902,KWIK COVER ROYAL BLUE ROUND 48 PLASTIC,resale,Resale,Kwik 48 in R
64904,KWIK COVER HUNTER GREEN ROUND 48 PLAST,resale,Resale,Kwik 48 in R
64905,KWIK COVER BLACK & WHITE CHECK ROUND 48,resale,Resale,Kwik 48 in R
65611,KWIK COVER WHITE 4 x 30 BANQ,resale,Resale,Kwik Resale
64906,KWIK COVER WHITE ROUND 60 PLASTIC,resale,Resale,Kwik 60 in R
64907,KWIK COVER BLACK ROUND 60 PLASTIC,resale,Resale,Kwik 60 in R
64908,KWIK COVER SUNSHINE GOLD ROUND 60 PLAS,resale,Resale,Kwik 60 in R
64909,KWIK COVER ORANGE ROUND 60 PLASTIC,resale,Resale,Kwik 60 in R
64910,KWIK COVER RED ROUND 60 PLASTIC,resale,Resale,Kwik 60 in R
64911,KWIK COVER GINGHAM RED ROUND 60 PLASTI,resale,Resale,Kwik 60 in R
64912,KWIK COVER PINK ROUND 60 PLASTIC,resale,Resale,Kwik 60 in R
64913,KWIK COVER MAROON ROUND 60 PLASTIC,resale,Resale,Kwik 60 in R
64914,KWIK COVER PURPLE ROUND 60 PLASTIC,resale,Resale,Kwik 60 in R
64915,KWIK COVER ROYAL BLUE ROUND 60 PLASTIC,resale,Resale,Kwik 60 in R
64916,KWIK COVER LIGHT BLUE ROUND 60 PLASTIC,resale,Resale,Kwik 60 in R
64917,KWIK COVER GINGHAM BLUE ROUND 60 PLAST,resale,Resale,Kwik 60 in R
64918,KWIK COVER HUNTER GREEN ROUND 60 PLAST,resale,Resale,Kwik 60 in R
64919,KWIK COVER LIME GREEN ROUND 60 PLASTIC,resale,Resale,Kwik 60 in R
64920,KWIK COVER BLACK & WHITE CHECK ROUND 60,resale,Resale,Kwik 60 in R
65495,KWIK COVER SILVER 60 ROUND,resale,Resale,Kwik 60 in R
65498,KWIK COVER NAVY BLUE 60 ROUND,resale,Resale,Kwik 60 in R
62535,"HOTDOG MACH, ROLLER (CAPACITY 50) 12AMP",,Concession Machines,Hotdog Machines
3727,HOTDOG STEAMER,,Concession Machines,Hotdog Machines
64876,GARBAGE CAN DISPOSABLE 35 GAL W/ LID,resale,Resale,Garbage Resale
64819,FUEL STERNO 8 OZ -LASTS 2+HRS,resale,Resale,Fuel Resale
64824,FUEL BUTANE CARTRIDGE 8 OUNCE,NA,Resale,Fuel Resale
64864,FRUSHEEZE STRAWBERRY DAQ 1/2 GALLON,resale,Resale,Frusheeze Resale
64865,FRUSHEEZE FRUIT PUNCH 1/2 GALLON,resale,Resale,Frusheeze Resale
64866,FRUSHEEZE MARGARITA 1/2 GALLON,resale,Resale,Frusheeze Resale
64867,FRUSHEEZE BLUE RASPBERRY 1/2 GALLON,resale,Resale,Frusheeze Resale
64868,FRUSHEEZE PINA COLADA 1/2 GALLON,resale,Resale,Frusheeze Resale
64869,FRUSHEEZE CHERRY 1/2 GALLON,resale,Resale,Frusheeze Resale
64874,FRUSHEEZE LEMONADE GRANITA MIX 1 GAL (5,resale,Resale,Frusheeze Resale
68317,FROZEN DRINK MACHINE - OTC (6 AMP),,Concession Machines,Frozen Machines
68332,FROZEN DRINK MACHINE -DOUBLE BARREL,,Concession Machines,Frozen Machines
63806,FROZEN DRINK MACHINE -SINGLE BARREL,,Concession Machines,Frozen Machines
2857,"FOUNTAIN, CHOCOLATE",,Concession Machines,Fountain Machines
62654,"FOUNTAIN, 3 GAL EMPRESS (6 AMP)",,Chafers/Fountains,Fountain Fountains
62651,"FOUNTAIN, 3 GAL PRINCESS (6AMP)",,Chafers/Fountains,Fountain Fountains
62653,"FOUNTAIN, 4 1/2 GAL EMPRESS (6 AMP)",,Chafers/Fountains,Fountain Fountains
62652,"FOUNTAIN, 7 GAL PRINCESS (6 AMP)",,Chafers/Fountains,Fountain Fountains
64815,FOG SOLUTION (GROUND) 1 QUART,resale,Resale,Fog/Bubble Resale
64816,FOG SOLUTION (HAZE) 1 QUART,resale,Resale,Fog/Bubble Resale
62807,END 30 x 15 LACE (G1) R AND W POLE,MR4I3,Pole Tent Tops,End Tops
62798,END 40 x 20 LACE (G1) NCP,MR4C4,Pole Tent Tops,End Tops
65039,END 30 x 15 GRMT (G1) R AND W POLE,MR4I3,Pole Tent Tops,End Tops
65035,END 40 x 20 GRMT (G1) ANCHOR POLE NC,MR4B4,Pole Tent Tops,End Tops
65037,END 60 x 20 GRMT (G1) ANCHOR POLE NC,MR4G4,Pole Tent Tops,End Tops
65036,END 60 x 20 LACE (G1) ANCHOR POLE NC,MR4G4,Pole Tent Tops,End Tops
63295,"DRAPES, BLACK  3 X 48 BANJO",NRSE1,Carpet and Drapes,Drapes Drapes
63300,"DRAPES, BLACK  8 X 48 BANJO",NRSE1,Carpet and Drapes,Drapes Drapes
66688,"DRAPES, BLACK  8 X 48 POLY",NRSE1,Carpet and Drapes,Drapes Drapes
63299,"DRAPES, BLACK  8 X 58 VELOUR",NRSE1,Carpet and Drapes,Drapes Drapes
63278,"DRAPES, BLACK 16 X 48 (ADJ 10,12,16)",NRSE1,Carpet and Drapes,Drapes Drapes
63316,"DRAPES, BLACK 16 X 48 BANJO",NRSE1,Carpet and Drapes,Drapes Drapes
63297,"DRAPES, BLUE 3 X 48 BANJO",NR5I1,Carpet and Drapes,Drapes Drapes
63310,"DRAPES, BLUE 8 X 48 BANJO",NR5I1,Carpet and Drapes,Drapes Drapes
63307,"DRAPES, BURGUNDY 8 X 48 BANJO",NR5I1,Carpet and Drapes,Drapes Drapes
63302,"DRAPES, CHARCOAL, 8 X 48 BANJO",NR5I1,Carpet and Drapes,Drapes Drapes
63314,"DRAPES, FOREST GREEN 8 X 48 BANJO",NR5I1,Carpet and Drapes,Drapes Drapes
63304,"DRAPES, GOLD, 8 X 48 BANJO",NR5I1,Carpet and Drapes,Drapes Drapes
63315,"DRAPES, HUNTER GREEN 8 X 48 BANJO",NR5I1,Carpet and Drapes,Drapes Drapes
63303,"DRAPES, IVORY, 8 X 48 BANJO",NR5I1,Carpet and Drapes,Drapes Drapes
63313,"DRAPES, NAVY BLUE, 8 X 48 BANJO",NR5I1,Carpet and Drapes,Drapes Drapes
63305,"DRAPES, ORANGE, 8 X 48 BANJO",NR5I1,Carpet and Drapes,Drapes Drapes
63309,"DRAPES, PURPLE, 8 X 48 BANJO",NR5I1,Carpet and Drapes,Drapes Drapes
63308,"DRAPES, RASPBERRY, 8 X 48 BANJO",NR5I1,Carpet and Drapes,Drapes Drapes
63306,"DRAPES, RED, 8 X 48 BANJO",NR5I1,Carpet and Drapes,Drapes Drapes
63296,"DRAPES, SILVER 3 X 48 BANJO",NR5I1,Carpet and Drapes,Drapes Drapes
63301,"DRAPES, SILVER 8 X 48 BANJO",NR5I1,Carpet and Drapes,Drapes Drapes
63298,"DRAPES, WHITE -ARCTIC SNOW,  8X 4",NR5I1,Carpet and Drapes,Drapes Drapes
63311,"DRAPES, WHITE -SHEER  8H X 118W",NR5I1,Carpet and Drapes,Drapes Drapes
63317,"DRAPES, WHITE -SHEER 16H X 118W",NR5I1,Carpet and Drapes,Drapes Drapes
66742,DONUT BAGS-MINI 70ct,resale,Resale,Donut Resale
66743,DONUT SUGAR 5 LBS & DISPENSER,resale,Resale,Donut Resale
60731,"BUBBLE MACHINE, 3 DOUBLE WANDS, 11",,AV,DJ/Lighting
63343,FOG MACHINE (HAZE),,AV,DJ/Lighting
60735,"FOG MACHINE, HAZE, MINI",,AV,DJ/Lighting
72401,"CRATE, HP 10 x 10 ASSEMBLY",TENTRACK,Tent Crates,Crate Crates
72402,"CRATE, HP 15 x 15 ASSEMBLY",,Tent Crates,Crate Crates
72403,"CRATE, HP 10 x 20 ASSEMBLY",,Tent Crates,Crate Crates
72405,"CRATE, HP 30 x 30 ASSEMBLY",,Tent Crates,Crate Crates
72404,"CRATE, HP 20 x 20 ASSEMBLY",,Tent Crates,Crate Crates
72407,"CRATE, HP 20 x 30 ASSEMBLY",,Tent Crates,Crate Crates
72408,"CRATE, NAVI HIP ASSEMBLY",,Tent Crates,Crate Crates
72409,"CRATE, NAVI MID ASSEMBLY",,Tent Crates,Crate Crates
72412,"CRATE, NAVI INSTALLATION",,Tent Crates,Crate Crates
72410,"CRATE, NAVI LITE HIP ASSEMBLY",,Tent Crates,Crate Crates
72411,"CRATE, NAVI LITE MID ASSEMBLY",,Tent Crates,Crate Crates
72406,"CRATE, HP HEX 35 x 40 ASSEMBLY",,Tent Crates,Crate Crates
64840,COTTON CANDY SUGAR PINK VANILLA (52 OZ,resale,Resale,Cotton Resale
64841,COTTON CANDY SUGAR BLUE RASPBERRY-52oz,resale,Resale,Cotton Resale
64842,COTTON CANDY SUGAR CHERRY (52 OZ CARTON,resale,Resale,Cotton Resale
64843,COTTON CANDY SUGAR STRAWBERRY (52 OZ CA,resale,Resale,Cotton Resale
64847,COTTON CANDY BAGS & TIES 100 PER PKG,resale,Resale,Cotton Resale
64848,COTTON CANDY CONES 100 PER PKG.,resale,Resale,Cotton Resale
64849,COTTON CANDY SUGAR BUBBLE GUM (52 OZ CA,resale,Resale,Cotton Resale
68322,"COTTON CANDY MACHINE, 9 AMP 120V",,Concession Machines,Cotton Machines
3168,CHOCOLATE BAG 2LB. DARK,resale,Resale,Chocolate Resale
3169,CHOCOLATE BAG 2LB. MILK,resale,Resale,Chocolate Resale
62636,"CHAFER, FULLSIZE, ROLLTOP, STAINLESS 8QT",,Chafers/Fountains,Chafer Fountains
62633,"CHAFER, FULLSIZE, STAINLESS (GOLD TRIM)",,Chafers/Fountains,Chafer Fountains
62634,"CHAFER, FULLSIZE, STAINLESS STEEL",,Chafers/Fountains,Chafer Fountains
62637,"CHAFER, HALFSIZE, STAINLESS STEEL",,Chafers/Fountains,Chafer Fountains
63332,"CARPET RUNNER, PURPLE 4 X 50 (G1)",MR1F2,Carpet and Drapes,Carpet Drapes
63327,"CARPET RUNNER, RED 4 X 25 (G1)",MR1F2,Carpet and Drapes,Carpet Drapes
63328,"CARPET RUNNER, RED 4 X 25 (G2)",MR1F2,Carpet and Drapes,Carpet Drapes
63329,"CARPET RUNNER, RED 4 X 50 (G1)",MR1F2,Carpet and Drapes,Carpet Drapes
63330,"CARPET RUNNER, RED 4 X 50 (G2)",MR1F2,Carpet and Drapes,Carpet Drapes
63331,"CARPET RUNNER, PURPLE 4 X 25",MR1F2,Carpet and Drapes,Carpet Drapes
62686,CANOPY AP 16X16 WHITE (R)(G2),,Pole Tent Tops,Canopy Tops
62668,CANOPY AP 20X20 WHITE (Rope)(G1),,Pole Tent Tops,Canopy Tops
62669,CANOPY AP 20X20 WHITE (Rope)(G2),,Pole Tent Tops,Canopy Tops
62682,CANOPY AP 20X30 WHITE (Rope)(G1),,Pole Tent Tops,Canopy Tops
62681,CANOPY AP 20X30 WHITE (Rope)(G2),,Pole Tent Tops,Canopy Tops
62683,CANOPY AP 20X40 WHITE (Rope)(G1),,Pole Tent Tops,Canopy Tops
62684,CANOPY AP 20X40 WHITE (Rope)(G2),,Pole Tent Tops,Canopy Tops
62803,CANOPY POLE 30 x 30 WHITE,,Frame Tent Tops,Canopy Tops
65129,CANOPY 10X10 POPUP  WHITE WEIGHTED,,Frame Tent Tops,Canopy Tops
66363,CANOPY AP 16X16 WHITE (R)(G1),,Pole Tent Tops,Canopy Tops
4054,Canopy 20x20 HP TOP SKYLIGHT,MR4I2,Frame Tent Tops,Canopy Tops
4292,Canopy 20x30 HP TOP WHITE Single Peak,,Frame Tent Tops,Canopy Tops
64817,BUBBLE JUICE 1 QUART,resale,Resale,Bubble Resale
62468,"BEVERAGE COOLER, 10 GAL CAMBRO THERMOVAT",,Beverage Dispeners,Beverage Dispeners
3290,"BEVERAGE COOLER, 5 GAL CAMBRO THERMOVAT",,Beverage Dispeners,Beverage Dispeners
62479,"BEVERAGE DISPENSER, CLEAR 5 GAL w/INFUSE",,Beverage Dispeners,Beverage Dispeners
62475,"BEVERAGE DISPENSER, CLEAR-IVORY 5 GAL",,Beverage Dispeners,Beverage Dispeners
64836,AISLE CLOTH 75 WHITE,resale,Resale,Aisle Resale
64837,AISLE CLOTH 100 WHITE,resale,Resale,Aisle Resale
62429,90X90 AMETHYST LINEN,NR4D2,Rectangle Linen,90X90 Linen
62401,90X90 GREY LINEN,NR4D2,Rectangle Linen,90X90 Linen
62403,90X90 IVORY LINEN,NR4D2,Rectangle Linen,90X90 Linen
62426,90X90 PLUM LINEN,NR4D2,Rectangle Linen,90X90 Linen
62399,90X90  WHITE LINEN,NR4D2,Rectangle Linen,90X90 Linen
62235,90X156  WHITE LINEN ROUNDED CORNE,NR3x2,Rectangle Linen,90X156 Linen
62265,90X156 AMETHYST LINEN ROUNDED COR,NR3x2,Rectangle Linen,90X156 Linen
62236,90X156 BLACK LINEN ROUNDED CORNER,NR3x2,Rectangle Linen,90X156 Linen
62252,90X156 CARDINAL RED LINEN ROUNDED,NR3x2,Rectangle Linen,90X156 Linen
62242,90X156 CHOCOLATE LINEN ROUNDED CO,NR3x2,Rectangle Linen,90X156 Linen
62280,90X156 DAMASK SOMERSET GOLD LINEN,NR3x2,Rectangle Linen,90X156 Linen
62263,90X156 EGGPLANT LINEN ROUNDED COR,NR3x2,Rectangle Linen,90X156 Linen
62237,90X156 GREY LINEN ROUNDED CORNERS,NR3x2,Rectangle Linen,90X156 Linen
62277,90X156 HUNTER GREEN LINEN ROUNDED,NR3x2,Rectangle Linen,90X156 Linen
62239,90X156 IVORY LINEN ROUNDED CORNER,NR3x2,Rectangle Linen,90X156 Linen
62268,90X156 LIGHT BLUE LINEN ROUNDED C,,Rectangle Linen,90X156 Linen
62257,90X156 MAGENTA LINEN ROUNDED CORN,NR3x2,Rectangle Linen,90X156 Linen
62275,90X156 NAVY BLUE LINEN ROUNDED CO,NR3x2,Rectangle Linen,90X156 Linen
62272,90X156 OCEAN LINEN ROUNDED CORNER,NR3x2,Rectangle Linen,90X156 Linen
62273,90X156 PACIFICA LINEN ROUNDED COR,NR3x2,Rectangle Linen,90X156 Linen
62255,90X156 PASTEL PINK LINEN ROUNDED,NR3x2,Rectangle Linen,90X156 Linen
62247,90X156 PEACH LINEN ROUNDED CORNER,NR3x2,Rectangle Linen,90X156 Linen
62274,90X156 PERIWINKLE LINEN ROUNDED C,NR3x2,Rectangle Linen,90X156 Linen
62238,90X156 PEWTER LINEN ROUNDED CORNE,NR3x2,Rectangle Linen,90X156 Linen
62256,90X156 PINK LINEN ROUNDED CORNERS,NR3x2,Rectangle Linen,90X156 Linen
62246,90X156 POPPY LINEN ROUNDED CORNER,NR3x2,Rectangle Linen,90X156 Linen
62267,90X156 ROYAL BLUE LINEN ROUNDED C,NR3x2,Rectangle Linen,90X156 Linen
62271,90X156 TURQUOISE LINEN ROUNDED CO,NR3x2,Rectangle Linen,90X156 Linen
62282,90X156 CHAMPAGNE IRIDESCENT CRUSH,NR3x2,Rectangle Linen,90X156 Linen
62283,90X156 MIDNIGHT BLUE IRIDESCENT CR,NR3x2,Rectangle Linen,90X156 Linen
62281,90X156 PLATINUM IRIDESCENT CRUSH L,NR3x2,Rectangle Linen,90X156 Linen
62187,90X132  WHITE LINEN ROUNDED CORNE,NR3x2,Rectangle Linen,90X132 Linen
62211,90X132 BURGUNDY LINEN ROUNDED COR,NR3x2,Rectangle Linen,90X132 Linen
62191,90X132 IVORY LINEN ROUNDED CORNER,NR3x2,Rectangle Linen,90X132 Linen
62227,90X132 NAVY BLUE LINEN ROUNDED CO,NR3x2,Rectangle Linen,90X132 Linen
62224,90X132 OCEAN LINEN ROUNDED CORNER,NR3x2,Rectangle Linen,90X132 Linen
62225,90X132 PACIFICA LINEN ROUNDED COR,,Rectangle Linen,90X132 Linen
62226,90X132 PERIWINKLE LINEN ROUNDED C,NR3x2,Rectangle Linen,90X132 Linen
62214,90X132 PLUM LINEN ROUNDED CORNERS,NR3x2,Rectangle Linen,90X132 Linen
62198,90X132 POPPY LINEN ROUNDED CORNER,NR3x2,Rectangle Linen,90X132 Linen
62219,90X132 ROYAL BLUE LINEN ROUNDED C,NR3x2,Rectangle Linen,90X132 Linen
62188,90X132 BLACK LINEN ROUNDED CORNER,NR3x2,Rectangle Linen,90X132 Linen
62204,90X132 CARDINAL RED LINEN ROUNDED,NR3x2,Rectangle Linen,90X132 Linen
62194,90X132 CHOCOLATE LINEN ROUNDED CO,NR3x2,Rectangle Linen,90X132 Linen
62215,90X132 EGGPLANT LINEN ROUNDED COR,NR3x2,Rectangle Linen,90X132 Linen
62189,90X132 GREY LINEN ROUNDED CORNERS,NR3x2,Rectangle Linen,90X132 Linen
62229,90X132 HUNTER GREEN LINEN ROUNDED,NR3x2,Rectangle Linen,90X132 Linen
62232,90X132 MIDNIGHT BLUE IRD CRUSH RO,NR3x2,Rectangle Linen,90X132 Linen
62208,90X132 PINK LINEN ROUNDED CORNERS,NR3x2,Rectangle Linen,90X132 Linen
61824,90 ROUND  SNOW WHITE LINEN (SEAML,NR5x2,Round Linen,90 Round Linen
61866,90 ROUND NAVY BLUE LINEN,NR5x2,Round Linen,90 Round Linen
61863,90 ROUND OCEAN BLUE LINEN,NR5x2,Round Linen,90 Round Linen
61837,90 ROUND ORANGE LINEN,NR5x2,Round Linen,90 Round Linen
61864,90 ROUND PACIFICA LINEN,NR5x2,Round Linen,90 Round Linen
61846,90 ROUND PASTEL PINK LINEN,NR5x2,Round Linen,90 Round Linen
61865,90 ROUND PERIWINKLE LINEN,NR5x2,Round Linen,90 Round Linen
61847,90 ROUND PINK LINEN,NR5x2,Round Linen,90 Round Linen
61872,90 ROUND PLATINUM IRIDESCENT CRUS,NR5x2,Round Linen,90 Round Linen
61840,90 ROUND RED LINEN,NR5x2,Round Linen,90 Round Linen
61875,90 ROUND ROSE IRIDESCENT CRUSH LI,NR5x2,Round Linen,90 Round Linen
61858,90 ROUND ROYAL BLUE LINEN,NR5x2,Round Linen,90 Round Linen
61839,90 ROUND SHRIMP LINEN,NR5x2,Round Linen,90 Round Linen
61881,90 ROUND TIFFANY BLUE NOVA SOLID,NR5x2,Round Linen,90 Round Linen
61862,90 ROUND TURQUOISE LINEN,NR5x2,Round Linen,90 Round Linen
61876,90 ROUND VIOLET GREEN IRIDESCENT,NR5x2,Round Linen,90 Round Linen
61871,90 ROUND ZEBRA PRINT LINEN,NR5x2,Round Linen,90 Round Linen
61824,90 ROUND  SNOW WHITE LINEN (SEAML,NR5x2,Round Linen,90 Round Linen
61825,90 ROUND  WHITE LINEN,NR5x2,Round Linen,90 Round Linen
61874,90 ROUND  WHITE SAND IRIDESCENT C,NR5x2,Round Linen,90 Round Linen
61856,90 ROUND AMETHYST LINEN,NR5x2,Round Linen,90 Round Linen
61883,90 ROUND APPLE GREEN NOVA SOLID,NR5x2,Round Linen,90 Round Linen
61882,90 ROUND BERMUDA BLUE NOVA SOLID,NR5x2,Round Linen,90 Round Linen
61826,90 ROUND BLACK LINEN,NR5x2,Round Linen,90 Round Linen
61850,90 ROUND BURGUNDY LINEN,NR5x2,Round Linen,90 Round Linen
61838,90 ROUND BURNT ORANGE LINEN,NR5x2,Round Linen,90 Round Linen
61834,90 ROUND BYZANTINE FALL GOLD LINE,NR5x2,Round Linen,90 Round Linen
61842,90 ROUND CARDINAL RED LINEN,NR5x2,Round Linen,90 Round Linen
61867,90 ROUND CELADON LINEN,NR5x2,Round Linen,90 Round Linen
61873,90 ROUND CHAMPAGNE IRIDESCENT CRU,NR5x2,Round Linen,90 Round Linen
61831,90 ROUND CHOCOLATE LINEN,NR5x2,Round Linen,90 Round Linen
61854,90 ROUND EGGPLANT LINEN,NR5x2,Round Linen,90 Round Linen
61880,90 ROUND FUCHSIA NOVA SOLID LIN,NR5x2,Round Linen,90 Round Linen
61852,90 ROUND GRAPE LINEN,NR5x2,Round Linen,90 Round Linen
61827,90 ROUND GREY LINEN,NR5x2,Round Linen,90 Round Linen
61843,90 ROUND HOT PINK LINEN,NR5x2,Round Linen,90 Round Linen
61868,90 ROUND HUNTER GREEN LINEN,NR5x2,Round Linen,90 Round Linen
61828,90 ROUND IVORY LINEN,NR5x2,Round Linen,90 Round Linen
61869,90 ROUND KELLY GREEN LINEN,NR5x2,Round Linen,90 Round Linen
61830,90 ROUND KHAKI LINEN,NR5x2,Round Linen,90 Round Linen
61832,90 ROUND LEMON YELLOW LINEN,NR5x2,Round Linen,90 Round Linen
61859,90 ROUND LIGHT BLUE LINEN,NR5x2,Round Linen,90 Round Linen
61870,90 ROUND LIME GREEN LINEN,NR5x2,Round Linen,90 Round Linen
61848,90 ROUND MAGENTA LINEN,NR5x2,Round Linen,90 Round Linen
61833,90 ROUND MAIZE LINEN,NR5x2,Round Linen,90 Round Linen
61879,90 ROUND MIMOSA NOVA SOLID LINE,NR5x2,Round Linen,90 Round Linen
61836,90 ROUND PEACH LINEN,NR5x2,Round Linen,90 Round Linen
61835,90 ROUND POPPY LINEN,NR5x2,Round Linen,90 Round Linen
62339,72 SQUARE BURLAP (PRAIRIE) LINEN,NR4x2,Rectangle Linen,72 Square Linen
62088,60X120  WHITE LINEN,NR4x1,Rectangle Linen,60X120 Linen
62119,60X120 AMETHYST LINEN,NR4x1,Rectangle Linen,60X120 Linen
62093,60X120 BEIGE LINEN,NR4x1,Rectangle Linen,60X120 Linen
62089,60X120 BLACK LINEN,NR4x1,Rectangle Linen,60X120 Linen
62103,60X120 BUBBLEGUM PINK LINEN,NR4x1,Rectangle Linen,60X120 Linen
62114,60X120 BURGUNDY LINEN,NR4x1,Rectangle Linen,60X120 Linen
62098,60X120 BYZANTINE FALL GOLD LINEN,NR4x1,Rectangle Linen,60X120 Linen
62106,60X120 CARDINAL RED LINEN,NR4x1,Rectangle Linen,60X120 Linen
62130,60X120 CELADON LINEN,NR4x1,Rectangle Linen,60X120 Linen
62095,60X120 CHOCOLATE LINEN,NR4x1,Rectangle Linen,60X120 Linen
62118,60X120 EGGPLANT LINEN,NR4x1,Rectangle Linen,60X120 Linen
62113,60X120 FLAMINGO LINEN,NR4x1,Rectangle Linen,60X120 Linen
62116,60X120 GRAPE LINEN,NR4x1,Rectangle Linen,60X120 Linen
62090,60X120 GREY LINEN,NR4x1,Rectangle Linen,60X120 Linen
62107,60X120 HOT PINK LINEN,NR4x1,Rectangle Linen,60X120 Linen
62131,60X120 HUNTER GREEN LINEN,NR4x1,Rectangle Linen,60X120 Linen
62092,60X120 IVORY LINEN,NR4x1,Rectangle Linen,60X120 Linen
62132,60X120 KELLY GREEN LINEN,NR4x1,Rectangle Linen,60X120 Linen
62094,60X120 KHAKI LINEN,NR4x1,Rectangle Linen,60X120 Linen
62096,60X120 LEMON YELLOW LINEN,NR4x1,Rectangle Linen,60X120 Linen
62122,60X120 LIGHT BLUE LINEN,NR4x1,Rectangle Linen,60X120 Linen
62133,60X120 LIME GREEN LINEN,NR4x1,Rectangle Linen,60X120 Linen
62112,60X120 MAGENTA LINEN,NR4x1,Rectangle Linen,60X120 Linen
62129,60X120 NAVY BLUE LINEN,NR4x1,Rectangle Linen,60X120 Linen
62126,60X120 OCEAN BLUE LINEN,NR4x1,Rectangle Linen,60X120 Linen
62101,60X120 ORANGE LINEN,NR4x1,Rectangle Linen,60X120 Linen
62091,60X120 PEWTER LINEN,NR4x1,Rectangle Linen,60X120 Linen
62111,60X120 PINK LINEN,NR4x1,Rectangle Linen,60X120 Linen
62117,60X120 PLUM LINEN,NR4x1,Rectangle Linen,60X120 Linen
62099,60X120 POPPY LINEN,NR4x1,Rectangle Linen,60X120 Linen
62104,60X120 RED LINEN,NR4x1,Rectangle Linen,60X120 Linen
62136,60X120 ROSE IRIDESCENT CRUSH LINEN,NR4x1,Rectangle Linen,60X120 Linen
62121,60X120 ROYAL BLUE LINEN,NR4x1,Rectangle Linen,60X120 Linen
62102,60X120 SHRIMP LINEN,NR4x1,Rectangle Linen,60X120 Linen
62142,60X120 SILVER LAME,NR4x1,Rectangle Linen,60X120 Linen
62139,60X120 SOFT SAGE NOVA SOLID LINEN,NR4x1,Rectangle Linen,60X120 Linen
62138,60X120 TIFFANY BLUE NOVA SOLID LIN,NR4x1,Rectangle Linen,60X120 Linen
62137,60X120 VIOLET GREEN IRIDESCENT CRU,NR4x1,Rectangle Linen,60X120 Linen
62141,60X120 BAMBOO NOVA SWIRL LINEN,NR4x1,Rectangle Linen,60X120 Linen
62134,60X120 BLUE GINGHAM LINEN,NR4x1,Rectangle Linen,60X120 Linen
62140,60X120 CANDY PINK NOVA SWIRL LINEN,NR4x1,Rectangle Linen,60X120 Linen
62291,54 SQUARE  WHITE LINEN,NR4x2,Rectangle Linen,54 Square Linen
62321,54 SQUARE AMETHYST LINEN,NR4x2,Rectangle Linen,54 Square Linen
62336,54 SQUARE ARMY GREEN LINEN,NR4x2,Rectangle Linen,54 Square Linen
62292,54 SQUARE BLACK LINEN,NR4x2,Rectangle Linen,54 Square Linen
62315,54 SQUARE BURGUNDY LINEN,NR4x2,Rectangle Linen,54 Square Linen
62337,54 SQUARE BURLAP (PRAIRIE) LINEN,NR4x2,Rectangle Linen,54 Square Linen
62332,54 SQUARE CELADON LINEN,NR4x2,Rectangle Linen,54 Square Linen
62298,54 SQUARE CHOCOLATE LINEN,NR4x2,Rectangle Linen,54 Square Linen
62319,54 SQUARE EGGPLANT LINEN,NR4x2,Rectangle Linen,54 Square Linen
62333,54 SQUARE HUNTER GREEN LINEN,NR4x2,Rectangle Linen,54 Square Linen
62295,54 SQUARE IVORY LINEN,NR4x2,Rectangle Linen,54 Square Linen
62331,54 SQUARE NAVY BLUE LINEN,NR4x2,Rectangle Linen,54 Square Linen
62330,54 SQUARE PERIWINKLE LINEN,NR4x2,Rectangle Linen,54 Square Linen
62294,54 SQUARE PEWTER LINEN,NR4x2,Rectangle Linen,54 Square Linen
62312,54 SQUARE PINK LINEN,NR4x2,Rectangle Linen,54 Square Linen
62323,54 SQUARE ROYAL BLUE  LINEN,NR4x2,Rectangle Linen,54 Square Linen
62338,54 SQUARE SILVER LAME  LINEN,NR4x2,Rectangle Linen,54 Square Linen
62308,54 SQUARE CARDINAL RED,NA,Rectangle Linen,54 Square Linen
62287,30X96 CONFERENCE LINEN  WHITE,NR2x2,Rectangle Linen,30X96 Linen
62288,30X96 CONFERENCE LINEN BLACK,NR2x2,Rectangle Linen,30X96 Linen
62289,30X96 CONFERENCE LINEN EGGPLANT,NR2x2,Rectangle Linen,30X96 Linen
61981,132 ROUND  WHITE LINEN,NR2x1,Round Linen,132 Round Linen
62032,132 ROUND  WHITE SAND IRIDESCENT,NR2x1,Round Linen,132 Round Linen
62012,132 ROUND AMETHYST LINEN,NR2x1,Round Linen,132 Round Linen
62028,132 ROUND ARMY GREEN LINEN,NR2x1,Round Linen,132 Round Linen
61986,132 ROUND BEIGE LINEN,NR2x1,Round Linen,132 Round Linen
61982,132 ROUND BLACK  LINEN,NR2x1,Round Linen,132 Round Linen
61996,132 ROUND BUBBLEGUM PINK LINEN,NR2x1,Round Linen,132 Round Linen
62006,132 ROUND BURGUNDY LINEN,NR2x1,Round Linen,132 Round Linen
62027,132 ROUND BURNT ORANGE LINEN,NR2x1,Round Linen,132 Round Linen
61999,132 ROUND CARDINAL RED LINEN,NR2x1,Round Linen,132 Round Linen
62031,132 ROUND CHAMPAGNE IRIDESCENT CR,NR2x1,Round Linen,132 Round Linen
62030,132 ROUND DAMASK CAMBRIDGE WHEAT,NR2x1,Round Linen,132 Round Linen
62029,132 ROUND DAMASK SOMERSET GOLD,NR2x1,Round Linen,132 Round Linen
62010,132 ROUND EGGPLANT LINEN,NR2x1,Round Linen,132 Round Linen
62024,132 ROUND HUNTER GREEN LINEN,NR2x1,Round Linen,132 Round Linen
61985,132 ROUND IVORY LINEN,NR2x1,Round Linen,132 Round Linen
62025,132 ROUND KELLY GREEN LINEN,NR2x1,Round Linen,132 Round Linen
61989,132 ROUND LEMON YELLOW LINEN,NR2x1,Round Linen,132 Round Linen
62026,132 ROUND LIME GREEN LINEN,NR2x1,Round Linen,132 Round Linen
62004,132 ROUND MAGENTA LINEN,NR2x1,Round Linen,132 Round Linen
62034,132 ROUND MIDNIGHT BLUE IRIDESCEN,NR2x1,Round Linen,132 Round Linen
62022,132 ROUND NAVY BLUE LINEN,NR2x1,Round Linen,132 Round Linen
61994,132 ROUND ORANGE LINEN,NR2x1,Round Linen,132 Round Linen
62021,132 ROUND PERIWINKLE LINEN,NR2x1,Round Linen,132 Round Linen
61984,132 ROUND PEWTER LINEN,NR2x1,Round Linen,132 Round Linen
62003,132 ROUND PINK LINEN,NR2x1,Round Linen,132 Round Linen
61992,132 ROUND POPPY LINEN,NR2x1,Round Linen,132 Round Linen
62014,132 ROUND ROYAL BLUE LINEN,NR2x1,Round Linen,132 Round Linen
62033,132 ROUND SUNSET ORANGE IRD CRUSH,NR2x1,Round Linen,132 Round Linen
62035,132 ROUND TIFFANY BLUE NOVA SOLID,NR2x1,Round Linen,132 Round Linen
61979,120 ROUND  WHITE NOVA SWIRL LINEN,NR5x1,Round Linen,120 Round Linen
61958,120 ROUND AMETHYST LINEN,NR5x1,Round Linen,120 Round Linen
61978,120 ROUND APPLE GREEN NOVA SOLID,NR5x1,Round Linen,120 Round Linen
61934,120 ROUND BEIGE LINEN,NR5x1,Round Linen,120 Round Linen
61977,120 ROUND BERMUDA BLUE NOVA SOLID,NR5x1,Round Linen,120 Round Linen
61953,120 ROUND BURGUNDY LINEN,NR5x1,Round Linen,120 Round Linen
61939,120 ROUND BYZANTINE FALL GOLD LIN,NR5x1,Round Linen,120 Round Linen
61946,120 ROUND CARDINAL RED LINEN,NR5x1,Round Linen,120 Round Linen
61936,120 ROUND CHOCOLATE LINEN,NR5x1,Round Linen,120 Round Linen
61973,120 ROUND DAMASK SOMERSET GOLD LI,NR5x1,Round Linen,120 Round Linen
61957,120 ROUND EGGPLANT LINEN,NR5x1,Round Linen,120 Round Linen
61976,120 ROUND FUCHSIA NOVA SOLID LINE,NR5x1,Round Linen,120 Round Linen
61955,120 ROUND GRAPE LINEN,NR5x1,Round Linen,120 Round Linen
61970,120 ROUND HUNTER GREEN LINEN,NR5x1,Round Linen,120 Round Linen
61933,120 ROUND IVORY LINEN,NR5x1,Round Linen,120 Round Linen
61971,120 ROUND KELLY GREEN LINEN,NR5x1,Round Linen,120 Round Linen
61937,120 ROUND LEMON YELLOW LINEN,NR5x1,Round Linen,120 Round Linen
61961,120 ROUND LIGHT BLUE LINEN,NR5x1,Round Linen,120 Round Linen
61972,120 ROUND LIME GREEN LINEN,NR5x1,Round Linen,120 Round Linen
61951,120 ROUND MAGENTA LINEN,NR5x1,Round Linen,120 Round Linen
61975,120 ROUND MIDNIGHT BLUE IRIDESCEN,NR5x1,Round Linen,120 Round Linen
61962,120 ROUND MINT LINEN,NR5x1,Round Linen,120 Round Linen
61968,120 ROUND NAVY BLUE LINEN,NR5x1,Round Linen,120 Round Linen
61965,120 ROUND OCEAN BLUE LINEN,NR5x1,Round Linen,120 Round Linen
61942,120 ROUND ORANGE LINEN,NR5x1,Round Linen,120 Round Linen
61949,120 ROUND PASTEL PINK LINEN,NR5x1,Round Linen,120 Round Linen
61967,120 ROUND PERIWINKLE LINEN,NR5x1,Round Linen,120 Round Linen
61950,120 ROUND PINK LINEN,NR5x1,Round Linen,120 Round Linen
61974,120 ROUND ROSE IRIDESCENT CRUSH L,NR5x1,Round Linen,120 Round Linen
61960,120 ROUND ROYAL BLUE LINEN,NR5x1,Round Linen,120 Round Linen
61943,120 ROUND SHRIMP LINEN,NR5x1,Round Linen,120 Round Linen
61964,120 ROUND TURQUOISE LINEN,NR5x1,Round Linen,120 Round Linen
61930,120 ROUND  WHITE LINEN,NR5x1,Round Linen,120 Round Linen
61931,120 ROUND BLACK LINEN,NR5x1,Round Linen,120 Round Linen
72485,120 ROUND DUSTY ROSE,NR5x1,Round Linen,120 Round Linen
61885,108 ROUND WHITE LINEN,NR3x1,Round Linen,108 Round Linen
61914,108 ROUND AMETHYST LINEN,NR3x1,Round Linen,108 Round Linen
61890,108 ROUND BEIGE LINEN,NR3x1,Round Linen,108 Round Linen
61886,108 ROUND BLACK LINEN,NR3x1,Round Linen,108 Round Linen
61908,108 ROUND BURGUNDY LINEN,NR3x1,Round Linen,108 Round Linen
61901,108 ROUND CARDINAL RED LINEN,NR3x1,Round Linen,108 Round Linen
61925,108 ROUND CELADON (SAGE) LINEN,NR3x1,Round Linen,108 Round Linen
61891,108 ROUND CHOCOLATE LINEN,NR3x1,Round Linen,108 Round Linen
61912,108 ROUND EGGPLANT LINEN,NR3x1,Round Linen,108 Round Linen
61910,108 ROUND GRAPE (PURPLE) LINEN,NR3x1,Round Linen,108 Round Linen
61887,108 ROUND GREY LINEN,NR3x1,Round Linen,108 Round Linen
61889,108 ROUND IVORY LINEN,NR3x1,Round Linen,108 Round Linen
61893,108 ROUND MAIZE LINEN,NR3x1,Round Linen,108 Round Linen
61904,108 ROUND PASTEL PINK LINEN,NR3x1,Round Linen,108 Round Linen
61896,108 ROUND PEACH LINEN,NR3x1,Round Linen,108 Round Linen
61888,108 ROUND PEWTER LINEN,NR3x1,Round Linen,108 Round Linen
61905,108 ROUND PINK LINEN,NR3x1,Round Linen,108 Round Linen
61895,108 ROUND POPPY LINEN,NR3x1,Round Linen,108 Round Linen
61926,108 ROUND HUNTER GREEN LINEN,NR3x1,Round Linen,108 Round Linen
61927,108 ROUND KELLY GREEN LINEN,NR3x1,Round Linen,108 Round Linen
61928,108 ROUND LIME GREEN LINEN,NR3x1,Round Linen,108 Round Linen
61924,108 ROUND NAVY BLUE LINEN,NR3x1,Round Linen,108 Round Linen
61921,108 ROUND OCEAN BLUE LINEN,NR3x1,Round Linen,108 Round Linen
61922,108 ROUND PACIFICA LINEN,NR3x1,Round Linen,108 Round Linen
61916,108 ROUND ROYAL BLUE LINEN,NR3x1,Round Linen,108 Round Linen
72595,108 ROUND BYZANTINE FALL GOLD,NA,Round Linen,108 Round Linen
1,test resale,resale,testing,sub testing
62452,SPANDEX ICE TABLE SKIRT BLACK (LARGE),MOI11,Spandex,Ice Table Spandex
62449,SPANDEX ICE TABLE SKIRT BLACK (SMALL),MOO11,Spandex,Ice Table Spandex
62451,SPANDEX ICE TABLE SKIRT WHITE (LARGE),MOO11,Spandex,Ice Table Spandex
62445,SPANDEX LINEN  WHITE 30 X 42 (W/BLK F,MOO11,Spandex,Ice Table Spandex
67139,SPANDEX LINEN  WHITE 36 X 42,MOO11,Spandex,Ice Table Spandex
62447,SPANDEX LINEN BLACK 30x42 (COCKTAIL),MOO11,Spandex,Ice Table Spandex
61749,BAG FOR SOILED LINEN,,Spandex,Ice Table Spandex
61771,CHAIRPAD CHIAVARI 2 BLACK (VEL,MOU11,Spandex,Ice Table Spandex
61772,CHAIRPAD CHIAVARI WHITE VINYL (,MOU11,Spandex,Ice Table Spandex
67140,SPANDEX LINEN  BLACK 36 X 42,MOO11,Spandex,Ice Table Spandex
99999,HP 15x15 IKEs Bar,tent room,Customer Tops,Customer Tops
